Workbook

Sheet simulations
A1: simulation_id | B1: catchment | C1: period_id | D1: stage | E1: calibration_target | F1: evaluation_method | G1: flow_type | H1: ETa_soilmoisture_filename | I1: baseflow_quickflow_filename | J1: λSWd | K1: λBF | L1: λQF
A2: Sim42 | B2: Minderhout | C2: 04.2021_06.2023 | D2: submodel | E2: routing | G2: QF | I2: OFBF_S437Mnhoutpls.csv
A3: Sim43 | B3: Minderhout | C3: 04.2021_06.2023 | D3: submodel | E3: routing | G3: QF | I3: OFBF_S438Mnhoutpls.csv
A4: Sim44 | B4: Minderhout | C4: 04.2021_06.2023 | D4: submodel | E4: routing | G4: QF | I4: OFBF_S439Mnhoutpls.csv
A5: Sim42 | B5: Minderhout | C5: 04.2021_06.2023 | D5: submodel | E5: routing | G5: BF | I5: OFBF_S437Mnhoutpls.csv
A6: Sim43 | B6: Minderhout | C6: 04.2021_06.2023 | D6: submodel | E6: routing | G6: BF | I6: OFBF_S438Mnhoutpls.csv
A7: Sim44 | B7: Minderhout | C7: 04.2021_06.2023 | D7: submodel | E7: routing | G7: BF | I7: OFBF_S439Mnhoutpls.csv
A8: Sim2 | B8: Minderhout | C8: 04.2021_06.2023 | D8: submodel | E8: ET | H8: ETaSMD_S12Mnhoutpls.csv
A9: Sim3 | B9: Minderhout | C9: 04.2021_06.2023 | D9: submodel | E9: ET | H9: ETaSMD_S13Mnhoutpls.csv
A10: Sim4 | B10: Minderhout | C10: 04.2021_06.2023 | D10: submodel | E10: ET | H10: ETaSMD_S14Mnhoutpls.csv
A11: Sim20 | B11: Minderhout | C11: 04.2021_06.2023 | D11: submodel | E11: soil | H11: ETaSMD_S415Mnhoutpls.csv | J11: 0.2
A12: Sim33 | B12: Minderhout | C12: 04.2021_06.2023 | D12: submodel | E12: soil | H12: ETaSMD_S428Mnhoutpls.csv | J12: 0.2
A13: Sim42 | B13: Minderhout | C13: 04.2021_06.2023 | D13: submodel | E13: runoff | I13: OFBF_S437Mnhoutpls.csv | L13: 0.25
A14: Sim44 | B14: Minderhout | C14: 04.2021_06.2023 | D14: submodel | E14: runoff | I14: OFBF_S439Mnhoutpls.csv | L14: 0.25
A15: Sim48 | B15: Minderhout | C15: 04.2021_06.2023 | D15: overall | F15: waterbalance | G15: QF | I15: OFBF_S443Mnhoutpls.csv
A16: Sim48 | B16: Minderhout | C16: 04.2021_06.2023 | D16: overall | F16: statistics | G16: QF | I16: OFBF_S443Mnhoutpls.csv
A17: Sim49 | B17: Minderhout | C17: 04.2021_06.2023 | D17: overall | F17: waterbalance | G17: QF | I17: OFBF_S444Mnhoutpls.csv
A18: Sim49 | B18: Minderhout | C18: 04.2021_06.2023 | D18: overall | F18: statistics | G18: QF | I18: OFBF_S444Mnhoutpls.csv
A19: Sim48 | B19: Minderhout | C19: 04.2021_06.2023 | D19: overall | F19: waterbalance | G19: BF | I19: OFBF_S443Mnhoutpls.csv
A20: Sim48 | B20: Minderhout | C20: 04.2021_06.2023 | D20: overall | F20: statistics | G20: BF | I20: OFBF_S443Mnhoutpls.csv
A21: Sim49 | B21: Minderhout | C21: 04.2021_06.2023 | D21: overall | F21: waterbalance | G21: BF | I21: OFBF_S444Mnhoutpls.csv
A22: Sim49 | B22: Minderhout | C22: 04.2021_06.2023 | D22: overall | F22: statistics | G22: BF | I22: OFBF_S444Mnhoutpls.csv
A23: Sim48 | B23: Minderhout | C23: 04.2021_06.2023 | D23: overall | F23: waterbalance | G23: TF | I23: OFBF_S443Mnhoutpls.csv
A24: Sim48 | B24: Minderhout | C24: 04.2021_06.2023 | D24: overall | F24: statistics | G24: TF | I24: OFBF_S443Mnhoutpls.csv
A25: scenario1 | B25: Greenvale | C25: 2019_2021 | D25: submodel | E25: ET | H25: greenvale_scenario1_ET.csv
A26: scenario2 | B26: Greenvale | C26: 2019_2021 | D26: submodel | E26: ET | H26: greenvale_scenario2_ET.csv
A27: scenario3 | B27: Greenvale | C27: 2019_2021 | D27: submodel | E27: ET | H27: greenvale_scenario3_ET.csv

Sheet parameters
A1: simulation_id | B1: stage | C1: calibration_target | D1: evaluation_method | E1: flow_type | F1: ET_params1 | G1: soil_function | H1: soil_params1 | I1: soil_params2 | J1: soil_params3 | K1: recharge_function | L1: recharge_params1 | M1: recharge_params2 | N1: recharge_params3 | O1: baseflow_routing_function | P1: baseflow_routing_params1 | Q1: baseflow_routing_params2 | R1: quickflow_routing_function | S1: quickflow_routing_params1 | T1: quickflow_routing_params2 | U1: params1 | V1: params2
A2: =IF(simulations!A2="","",simulations!A2) -> Sim42 | B2: =IF(simulations!D2="","",simulations!D2) -> submodel | C2: =IF(simulations!E2="","",simulations!E2) -> routing | D2: =IF(simulations!F2="","",simulations!F2) | E2: =IF(simulations!G2="","",simulations!G2) -> QF | F2: 2.5 | G2: pareto | H2: 85 | I2: 1050 | J2: 0.55 | K2: splitting | L2: 0.7 | O2: linear reservoir | P2: 36 | R2: linear reservoir | S2: 1200 | U2: 0
A3: =IF(simulations!A3="","",simulations!A3) -> Sim43 | B3: =IF(simulations!D3="","",simulations!D3) -> submodel | C3: =IF(simulations!E3="","",simulations!E3) -> routing | D3: =IF(simulations!F3="","",simulations!F3) | E3: =IF(simulations!G3="","",simulations!G3) -> QF | F3: 2.5 | G3: pareto | H3: 85 | I3: 1050 | J3: 0.55
A4: =IF(simulations!A4="","",simulations!A4) -> Sim44 | B4: =IF(simulations!D4="","",simulations!D4) -> submodel | C4: =IF(simulations!E4="","",simulations!E4) -> routing | D4: =IF(simulations!F4="","",simulations!F4) | E4: =IF(simulations!G4="","",simulations!G4) -> QF | F4: 2.5 | G4: pareto | H4: 85 | I4: 1050 | J4: 0.55 | K4: splitting | L4: 0.8 | O4: linear reservoir | P4: 36 | R4: linear reservoir | S4: 1200 | U4: 0
A5: =IF(simulations!A5="","",simulations!A5) -> Sim42 | B5: =IF(simulations!D5="","",simulations!D5) -> submodel | C5: =IF(simulations!E5="","",simulations!E5) -> routing | D5: =IF(simulations!F5="","",simulations!F5) | E5: =IF(simulations!G5="","",simulations!G5) -> BF | F5: 2.5 | G5: pareto | H5: 85 | I5: 1050 | J5: 0.55 | K5: splitting | L5: 0.7 | O5: linear reservoir | P5: 36 | R5: linear reservoir | S5: 1200 | U5: 0
A6: =IF(simulations!A6="","",simulations!A6) -> Sim43 | B6: =IF(simulations!D6="","",simulations!D6) -> submodel | C6: =IF(simulations!E6="","",simulations!E6) -> routing | D6: =IF(simulations!F6="","",simulations!F6) | E6: =IF(simulations!G6="","",simulations!G6) -> BF | F6: 2.5 | G6: pareto | H6: 85 | I6: 1050 | J6: 0.55
A7: =IF(simulations!A7="","",simulations!A7) -> Sim44 | B7: =IF(simulations!D7="","",simulations!D7) -> submodel | C7: =IF(simulations!E7="","",simulations!E7) -> routing | D7: =IF(simulations!F7="","",simulations!F7) | E7: =IF(simulations!G7="","",simulations!G7) -> BF | F7: 2.5 | G7: pareto | H7: 85 | I7: 1050 | J7: 0.55 | K7: splitting | L7: 0.8 | O7: linear reservoir | P7: 36 | R7: linear reservoir | S7: 1200 | U7: 0
A8: =IF(simulations!A8="","",simulations!A8) -> Sim2 | B8: =IF(simulations!D8="","",simulations!D8) -> submodel | C8: =IF(simulations!E8="","",simulations!E8) -> ET | D8: =IF(simulations!F8="","",simulations!F8) | E8: =IF(simulations!G8="","",simulations!G8) | F8: 1.5 | G8: pareto | H8: 45 | I8: 1000 | J8: 0.55 | K8: splitting | L8: 0.75 | O8: linear reservoir | P8: 36 | R8: linear reservoir | S8: 1200 | U8: 0
A9: =IF(simulations!A9="","",simulations!A9) -> Sim3 | B9: =IF(simulations!D9="","",simulations!D9) -> submodel | C9: =IF(simulations!E9="","",simulations!E9) -> ET | D9: =IF(simulations!F9="","",simulations!F9) | E9: =IF(simulations!G9="","",simulations!G9) | F9: 2 | G9: pareto | H9: 45 | I9: 1000 | J9: 0.55 | K9: splitting | L9: 0.75 | O9: linear reservoir | P9: 36 | R9: linear reservoir | S9: 1200 | U9: 0
A10: =IF(simulations!A10="","",simulations!A10) -> Sim4 | B10: =IF(simulations!D10="","",simulations!D10) -> submodel | C10: =IF(simulations!E10="","",simulations!E10) -> ET | D10: =IF(simulations!F10="","",simulations!F10) | E10: =IF(simulations!G10="","",simulations!G10) | F10: 2.5 | G10: pareto | H10: 45 | I10: 1000 | J10: 0.55 | K10: splitting | L10: 0.75 | O10: linear reservoir | P10: 36 | R10: linear reservoir | S10: 1200 | U10: 0
A11: =IF(simulations!A11="","",simulations!A11) -> Sim20 | B11: =IF(simulations!D11="","",simulations!D11) -> submodel | C11: =IF(simulations!E11="","",simulations!E11) -> soil | D11: =IF(simulations!F11="","",simulations!F11) | E11: =IF(simulations!G11="","",simulations!G11) | F11: 2.5 | G11: pareto | H11: 85 | I11: 1000 | J11: 0.75 | K11: splitting | L11: 0.75 | O11: linear reservoir | P11: 36 | R11: linear reservoir | S11: 1200 | U11: 0
A12: =IF(simulations!A12="","",simulations!A12) -> Sim33 | B12: =IF(simulations!D12="","",simulations!D12) -> submodel | C12: =IF(simulations!E12="","",simulations!E12) -> soil | D12: =IF(simulations!F12="","",simulations!F12) | E12: =IF(simulations!G12="","",simulations!G12) | F12: 2.5 | G12: pareto | H12: 85 | I12: 1050 | J12: 0.55 | K12: splitting | L12: 0.75 | O12: linear reservoir | P12: 36 | R12: linear reservoir | S12: 1200 | U12: 0
A13: =IF(simulations!A13="","",simulations!A13) -> Sim42 | B13: =IF(simulations!D13="","",simulations!D13) -> submodel | C13: =IF(simulations!E13="","",simulations!E13) -> runoff | D13: =IF(simulations!F13="","",simulations!F13) | E13: =IF(simulations!G13="","",simulations!G13) | F13: 2.5 | G13: pareto | H13: 85 | I13: 1050 | J13: 0.55 | K13: splitting | L13: 0.7 | O13: linear reservoir | P13: 36 | R13: linear reservoir | S13: 1200 | U13: 0
A14: =IF(simulations!A14="","",simulations!A14) -> Sim44 | B14: =IF(simulations!D14="","",simulations!D14) -> submodel | C14: =IF(simulations!E14="","",simulations!E14) -> runoff | D14: =IF(simulations!F14="","",simulations!F14) | E14: =IF(simulations!G14="","",simulations!G14) | F14: 2.5 | G14: pareto | H14: 85 | I14: 1050 | J14: 0.55 | K14: splitting | L14: 0.8 | O14: linear reservoir | P14: 36 | R14: linear reservoir | S14: 1200 | U14: 0
A15: =IF(simulations!A15="","",simulations!A15) -> Sim48 | B15: =IF(simulations!D15="","",simulations!D15) -> overall | C15: =IF(simulations!E15="","",simulations!E15) | D15: =IF(simulations!F15="","",simulations!F15) -> waterbalance | E15: =IF(simulations!G15="","",simulations!G15) -> QF | F15: 2.5 | G15: pareto | H15: 85 | I15: 1050 | J15: 0.55 | K15: splitting | L15: 0.7 | O15: linear reservoir | P15: 36 | R15: linear reservoir | S15: 1200 | U15: 0
A16: =IF(simulations!A16="","",simulations!A16) -> Sim48 | B16: =IF(simulations!D16="","",simulations!D16) -> overall | C16: =IF(simulations!E16="","",simulations!E16) | D16: =IF(simulations!F16="","",simulations!F16) -> statistics | E16: =IF(simulations!G16="","",simulations!G16) -> QF | F16: 2.5 | G16: pareto | H16: 85 | I16: 1050 | J16: 0.55 | K16: splitting | L16: 0.8 | O16: linear reservoir | P16: 36 | R16: linear reservoir | S16: 1200 | U16: 0
A17: =IF(simulations!A17="","",simulations!A17) -> Sim49 | B17: =IF(simulations!D17="","",simulations!D17) -> overall | C17: =IF(simulations!E17="","",simulations!E17) | D17: =IF(simulations!F17="","",simulations!F17) -> waterbalance | E17: =IF(simulations!G17="","",simulations!G17) -> QF | F17: 2.5 | G17: pareto | H17: 85 | I17: 1050 | J17: 0.55 | K17: splitting | L17: 0.8 | O17: linear reservoir | P17: 36 | R17: linear reservoir | S17: 1200 | U17: 7
A18: =IF(simulations!A18="","",simulations!A18) -> Sim49 | B18: =IF(simulations!D18="","",simulations!D18) -> overall | C18: =IF(simulations!E18="","",simulations!E18) | D18: =IF(simulations!F18="","",simulations!F18) -> statistics | E18: =IF(simulations!G18="","",simulations!G18) -> QF | F18: 2.5 | G18: pareto | H18: 85 | I18: 1050 | J18: 0.55 | K18: splitting | L18: 0.8 | O18: linear reservoir | P18: 36 | R18: linear reservoir | S18: 1200 | U18: 15
... A22: =IF(simulations!A22="","",simulations!A22) -> Sim49 | B22: =IF(simulations!D22="","",simulations!D22) -> overall | C22: =IF(simulations!E22="","",simulations!E22) | D22: =IF(simulations!F22="","",simulations!F22) -> statistics | E22: =IF(simulations!G22="","",simulations!G22) -> BF | F22: 2.5 | G22: pareto | H22: 85 | I22: 1050 | J22: 0.55 | K22: splitting | L22: 0.75 | O22: linear reservoir | P22: 36 | R22: linear reservoir | S22: 1200 | U22: 15
A23: =IF(simulations!A23="","",simulations!A23) -> Sim48 | B23: =IF(simulations!D23="","",simulations!D23) -> overall | C23: =IF(simulations!E23="","",simulations!E23) | D23: =IF(simulations!F23="","",simulations!F23) -> waterbalance | E23: =IF(simulations!G23="","",simulations!G23) -> TF | F23: 2.5 | G23: pareto | H23: 85 | I23: 1050 | J23: 0.55
A24: =IF(simulations!A24="","",simulations!A24) -> Sim48 | B24: =IF(simulations!D24="","",simulations!D24) -> overall | C24: =IF(simulations!E24="","",simulations!E24) | D24: =IF(simulations!F24="","",simulations!F24) -> statistics | E24: =IF(simulations!G24="","",simulations!G24) -> TF | F24: 2.5 | G24: pareto | H24: 85 | I24: 1050 | J24: 0.55 | K24: splitting | L24: 0.8 | O24: linear reservoir | P24: 36 | R24: linear reservoir | S24: 1200 | U24: 15
A25: =IF(simulations!A25="","",simulations!A25) -> scenario1 | B25: =IF(simulations!D25="","",simulations!D25) -> submodel | C25: =IF(simulations!E25="","",simulations!E25) -> ET | D25: =IF(simulations!F26="","",simulations!F26) | E25: =IF(simulations!G26="","",simulations!G26) | F25: 1 | G25: pareto | H25: 85 | I25: 1200 | J25: 0.55
A26: =IF(simulations!A26="","",simulations!A26) -> scenario2 | B26: =IF(simulations!D26="","",simulations!D26) -> submodel | C26: =IF(simulations!E26="","",simulations!E26) -> ET | D26: =IF(simulations!F27="","",simulations!F27) | E26: =IF(simulations!G27="","",simulations!G27) | F26: 1.5 | G26: pareto | H26: 85 | I26: 1200 | J26: 0.55
A27: =IF(simulations!A27="","",simulations!A27) -> scenario3 | B27: =IF(simulations!D27="","",simulations!D27) -> submodel | C27: =IF(simulations!E27="","",simulations!E27) -> ET | D27: =IF(simulations!F28="","",simulations!F28) | E27: =IF(simulations!G28="","",simulations!G28) | F27: 2 | G27: pareto | H27: 85 | I27: 1200 | J27: 0.55
A28: =IF(simulations!A29="","",simulations!A29) | B28: =IF(simulations!D29="","",simulations!D29) | C28: =IF(simulations!E29="","",simulations!E29) | D28: =IF(simulations!F29="","",simulations!F29) | E28: =IF(simulations!G29="","",simulations!G29)
A29: =IF(simulations!A30="","",simulations!A30) | B29: =IF(simulations!D30="","",simulations!D30) | C29: =IF(simulations!E30="","",simulations!E30) | D29: =IF(simulations!F30="","",simulations!F30) | E29: =IF(simulations!G30="","",simulations!G30)
A30: =IF(simulations!A31="","",simulations!A31) | B30: =IF(simulations!D31="","",simulations!D31) | C30: =IF(simulations!E31="","",simulations!E31) | D30: =IF(simulations!F31="","",simulations!F31) | E30: =IF(simulations!G31="","",simulations!G31)
A31: =IF(simulations!A32="","",simulations!A32) | B31: =IF(simulations!D32="","",simulations!D32) | C31: =IF(simulations!E32="","",simulations!E32) | D31: =IF(simulations!F32="","",simulations!F32) | E31: =IF(simulations!G32="","",simulations!G32)
A32: =IF(simulations!A33="","",simulations!A33) | B32: =IF(simulations!D33="","",simulations!D33) | C32: =IF(simulations!E33="","",simulations!E33) | D32: =IF(simulations!F33="","",simulations!F33) | E32: =IF(simulations!G33="","",simulations!G33)
A33: =IF(simulations!A34="","",simulations!A34) | B33: =IF(simulations!D34="","",simulations!D34) | C33: =IF(simulations!E34="","",simulations!E34) | D33: =IF(simulations!F34="","",simulations!F34) | E33: =IF(simulations!G34="","",simulations!G34)
A34: =IF(simulations!A35="","",simulations!A35) | B34: =IF(simulations!D35="","",simulations!D35) | C34: =IF(simulations!E35="","",simulations!E35) | D34: =IF(simulations!F35="","",simulations!F35) | E34: =IF(simulations!G35="","",simulations!G35)
A35: =IF(simulations!A36="","",simulations!A36) | B35: =IF(simulations!D36="","",simulations!D36) | C35: =IF(simulations!E36="","",simulations!E36) | D35: =IF(simulations!F36="","",simulations!F36) | E35: =IF(simulations!G36="","",simulations!G36)
A36: =IF(simulations!A37="","",simulations!A37) | B36: =IF(simulations!D37="","",simulations!D37) | C36: =IF(simulations!E37="","",simulations!E37) | D36: =IF(simulations!F37="","",simulations!F37) | E36: =IF(simulations!G37="","",simulations!G37)
A37: =IF(simulations!A38="","",simulations!A38) | B37: =IF(simulations!D38="","",simulations!D38) | C37: =IF(simulations!E38="","",simulations!E38) | D37: =IF(simulations!F38="","",simulations!F38) | E37: =IF(simulations!G38="","",simulations!G38)
A38: =IF(simulations!A39="","",simulations!A39) | B38: =IF(simulations!D39="","",simulations!D39) | C38: =IF(simulations!E39="","",simulations!E39) | D38: =IF(simulations!F39="","",simulations!F39) | E38: =IF(simulations!G39="","",simulations!G39)
A39: =IF(simulations!A40="","",simulations!A40) | B39: =IF(simulations!D40="","",simulations!D40) | C39: =IF(simulations!E40="","",simulations!E40) | D39: =IF(simulations!F40="","",simulations!F40) | E39: =IF(simulations!G40="","",simulations!G40)
... A4999: =IF(simulations!A5000="","",simulations!A5000) | B4999: =IF(simulations!D5000="","",simulations!D5000) | C4999: =IF(simulations!E5000="","",simulations!E5000) | D4999: =IF(simulations!F5000="","",simulations!F5000) | E4999: =IF(simulations!G5000="","",simulations!G5000)
